<?xml version="1.0" encoding="UTF-8" standalone="yes"?>
<addon id="repository.heyheydancerepo" name="[COLOR green]Heyheydance's Repository[/COLOR]" version="1.0.0" provider-name="heyheydance">
    <extension point="xbmc.addon.repository" name="Heyheydance Repository">
        <dir>
            <info compressed="false">https://raw.githubusercontent.com/heyheydance/heyheydance.github.io/master/repo/zips/addons.xml</info>
            <checksum>https://raw.githubusercontent.com/heyheydance/heyheydance.github.io/master/repo/zips/addons.xml.md5</checksum>
            <datadir zip="true">https://raw.githubusercontent.com/heyheydance/heyheydance.github.io/master/repo/zips/</datadir>
        </dir>
    </extension>
    <extension point="xbmc.addon.metadata">
        <summary>Heyheydance's Repo</summary>
        <description>Repo for HeyheydanceWizard</description>
        <disclaimer></disclaimer>
        <platform>all</platform>
        <assets>
            <icon>icon.png</icon>
            <fanart>fanart.jpg</fanart>
        </assets>
    </extension>
</addon>